{"duration": 0.005873203277587891, "input_args": {"x_dict_serialized": "{'pickup_lat': 12.942116, 'pickup_lon': 77.504863, 'dropoff_lat': 12.996821, 'dropoff_lon': 77.535422, 'distance_km': 6.93, 'traffic_level': 2.0}"}, "time": 1753348852.85462}