{"duration": 0.0, "input_args": {"x_dict_serialized": "{'pickup_lat': 13.036639, 'pickup_lon': 77.664507, 'dropoff_lat': 13.04247, 'dropoff_lon': 77.645144, 'distance_km': 2.2, 'traffic_level': 1.0}"}, "time": 1753348855.0016272}