{"duration": 0.0, "input_args": {"x_dict_serialized": "{'pickup_lat': 12.923154, 'pickup_lon': 77.596228, 'dropoff_lat': 12.979888, 'dropoff_lon': 77.510365, 'distance_km': 11.24, 'traffic_level': 0.0}"}, "time": 1753348856.4162912}