{"duration": 0.0, "input_args": {"x_dict_serialized": "{'pickup_lat': 12.975513, 'pickup_lon': 77.638079, 'dropoff_lat': 12.905897, 'dropoff_lon': 77.659882, 'distance_km': 8.09, 'traffic_level': 1.0}"}, "time": 1753348855.7467988}