{"duration": 0.0, "input_args": {"x_dict_serialized": "{'pickup_lat': 13.005295, 'pickup_lon': 77.659159, 'dropoff_lat': 13.033501, 'dropoff_lon': 77.567599, 'distance_km': 10.4, 'traffic_level': 0.0}"}, "time": 1753348853.1823845}