{"duration": 0.0, "input_args": {"x_dict_serialized": "{'pickup_lat': 12.942566, 'pickup_lon': 77.572616, 'dropoff_lat': 12.996888, 'dropoff_lon': 77.614156, 'distance_km': 7.53, 'traffic_level': 0.0}"}, "time": 1753348856.1024833}