{"duration": 0.0, "input_args": {"x_dict_serialized": "{'pickup_lat': 12.976142, 'pickup_lon': 77.548482, 'dropoff_lat': 12.917226, 'dropoff_lon': 77.622124, 'distance_km': 10.32, 'traffic_level': 0.0}"}, "time": 1753348856.3365183}