{"duration": 0.008111953735351562, "input_args": {"x_dict_serialized": "{'pickup_lat': 13.019222, 'pickup_lon': 77.600527, 'dropoff_lat': 12.986536, 'dropoff_lon': 77.598504, 'distance_km': 3.64, 'traffic_level': 0.0}"}, "time": 1753348852.765529}