{"duration": 0.0, "input_args": {"x_dict_serialized": "{'pickup_lat': 12.992733, 'pickup_lon': 77.520225, 'dropoff_lat': 12.912616, 'dropoff_lon': 77.640194, 'distance_km': 15.76, 'traffic_level': 0.0}"}, "time": 1753348854.475149}