{"duration": 0.0, "input_args": {"x_dict_serialized": "{'pickup_lat': 12.917725, 'pickup_lon': 77.639347, 'dropoff_lat': 12.994341, 'dropoff_lon': 77.675494, 'distance_km': 9.38, 'traffic_level': 1.0}"}, "time": 1753348854.0347693}