{"duration": 0.0, "input_args": {"x_dict_serialized": "{'pickup_lat': 13.031606, 'pickup_lon': 77.648154, 'dropoff_lat': 13.004552, 'dropoff_lon': 77.640497, 'distance_km': 3.12, 'traffic_level': 0.0}"}, "time": 1753348853.0845103}