{"duration": 0.003115415573120117, "input_args": {"x_dict_serialized": "{'pickup_lat': 13.014118, 'pickup_lon': 77.612255, 'dropoff_lat': 13.015645, 'dropoff_lon': 77.598759, 'distance_km': 1.47, 'traffic_level': 1.0}"}, "time": 1753348851.7601452}