{"duration": 0.0, "input_args": {"x_dict_serialized": "{'pickup_lat': 13.04122, 'pickup_lon': 77.577221, 'dropoff_lat': 13.044179, 'dropoff_lon': 77.68107, 'distance_km': 11.25, 'traffic_level': 0.0}"}, "time": 1753348853.9137423}