{"duration": 0.0, "input_args": {"x_dict_serialized": "{'pickup_lat': 12.913274, 'pickup_lon': 77.539197, 'dropoff_lat': 12.906784, 'dropoff_lon': 77.565066, 'distance_km': 2.9, 'traffic_level': 0.0}"}, "time": 1753348851.4928904}