{"duration": 0.0, "input_args": {"x_dict_serialized": "{'pickup_lat': 13.03624, 'pickup_lon': 77.547912, 'dropoff_lat': 12.921734, 'dropoff_lon': 77.597891, 'distance_km': 13.84, 'traffic_level': 2.0}"}, "time": 1753348852.1031091}