{"duration": 0.0, "input_args": {"x_dict_serialized": "{'pickup_lat': 12.992719, 'pickup_lon': 77.571633, 'dropoff_lat': 12.917034, 'dropoff_lon': 77.634315, 'distance_km': 10.82, 'traffic_level': 1.0}"}, "time": 1753348855.3400471}