{"duration": 0.0, "input_args": {"x_dict_serialized": "{'pickup_lat': 12.947897, 'pickup_lon': 77.690012, 'dropoff_lat': 13.042591, 'dropoff_lon': 77.614688, 'distance_km': 13.32, 'traffic_level': 1.0}"}, "time": 1753348854.2926133}