{"duration": 0.03435921669006348, "input_args": {"x_dict_serialized": "{'pickup_lat': 12.931717, 'pickup_lon': 77.565499, 'dropoff_lat': 12.917964, 'dropoff_lon': 77.678105, 'distance_km': 12.3, 'traffic_level': 1.0}"}, "time": 1753348856.0182512}