{"duration": 0.0, "input_args": {"x_dict_serialized": "{'pickup_lat': 12.958837, 'pickup_lon': 77.587495, 'dropoff_lat': 13.035624, 'dropoff_lon': 77.569651, 'distance_km': 8.75, 'traffic_level': 1.0}"}, "time": 1753348855.472599}