{"duration": 0.0, "input_args": {"x_dict_serialized": "{'pickup_lat': 13.009441, 'pickup_lon': 77.627511, 'dropoff_lat': 13.033082, 'dropoff_lon': 77.594443, 'distance_km': 4.44, 'traffic_level': 0.0}"}, "time": 1753348851.7061207}