{"duration": 0.0, "input_args": {"x_dict_serialized": "{'pickup_lat': 12.903088, 'pickup_lon': 77.693982, 'dropoff_lat': 13.024866, 'dropoff_lon': 77.542468, 'distance_km': 21.28, 'traffic_level': 0.0}"}, "time": 1753341005.012107}