{"duration": 0.0, "input_args": {"x_dict_serialized": "{'pickup_lat': 12.950854, 'pickup_lon': 77.569842, 'dropoff_lat': 13.008893, 'dropoff_lon': 77.679422, 'distance_km': 13.51, 'traffic_level': 2.0}"}, "time": 1753348852.4327471}