{"duration": 0.0, "input_args": {"x_dict_serialized": "{'pickup_lat': 12.900759, 'pickup_lon': 77.532162, 'dropoff_lat': 12.98231, 'dropoff_lon': 77.638379, 'distance_km': 14.65, 'traffic_level': 1.0}"}, "time": 1753348852.5901875}