{"duration": 0.0, "input_args": {"x_dict_serialized": "{'pickup_lat': 12.947153, 'pickup_lon': 77.601714, 'dropoff_lat': 13.036135, 'dropoff_lon': 77.549858, 'distance_km': 11.38, 'traffic_level': 1.0}"}, "time": 1753348851.8017209}