{"duration": 0.0015783309936523438, "input_args": {"x_dict_serialized": "{'pickup_lat': 12.955571, 'pickup_lon': 77.596905, 'dropoff_lat': 12.992738, 'dropoff_lon': 77.573783, 'distance_km': 4.83, 'traffic_level': 1.0}"}, "time": 1753348855.8312986}