{"duration": 0.0, "input_args": {"x_dict_serialized": "{'pickup_lat': 12.95116, 'pickup_lon': 77.522695, 'dropoff_lat': 13.038704, 'dropoff_lon': 77.675468, 'distance_km': 19.2, 'traffic_level': 0.0}"}, "time": 1753348852.2924998}