{"duration": 0.0, "input_args": {"x_dict_serialized": "{'pickup_lat': 12.986171, 'pickup_lon': 77.668366, 'dropoff_lat': 12.920966, 'dropoff_lon': 77.659053, 'distance_km': 7.32, 'traffic_level': 0.0}"}, "time": 1753348856.5768085}