{"duration": 0.0, "input_args": {"x_dict_serialized": "{'pickup_lat': 12.977819, 'pickup_lon': 77.640604, 'dropoff_lat': 12.954544, 'dropoff_lon': 77.694356, 'distance_km': 6.37, 'traffic_level': 2.0}"}, "time": 1753348852.0118618}