{"duration": 0.004708290100097656, "input_args": {"x_dict_serialized": "{'pickup_lat': 12.951121, 'pickup_lon': 77.686151, 'dropoff_lat': 13.028762, 'dropoff_lon': 77.585799, 'distance_km': 13.88, 'traffic_level': 1.0}"}, "time": 1753348854.127362}