{"duration": 0.0, "input_args": {"x_dict_serialized": "{'pickup_lat': 13.039909, 'pickup_lon': 77.673213, 'dropoff_lat': 12.906783, 'dropoff_lon': 77.505273, 'distance_km': 23.46, 'traffic_level': 0.0}"}, "time": 1753348855.092046}