{"duration": 0.0, "input_args": {"x_dict_serialized": "{'pickup_lat': 12.905502, 'pickup_lon': 77.550487, 'dropoff_lat': 13.007002, 'dropoff_lon': 77.679041, 'distance_km': 17.93, 'traffic_level': 1.0}"}, "time": 1753348855.8729136}