{"duration": 0.0, "input_args": {"x_dict_serialized": "{'pickup_lat': 12.915267, 'pickup_lon': 77.530572, 'dropoff_lat': 12.936894, 'dropoff_lon': 77.532136, 'distance_km': 2.41, 'traffic_level': 0.0}"}, "time": 1753348856.1498036}