{"duration": 0.0, "input_args": {"x_dict_serialized": "{'pickup_lat': 12.959481, 'pickup_lon': 77.624417, 'dropoff_lat': 13.029355, 'dropoff_lon': 77.689904, 'distance_km': 10.52, 'traffic_level': 0.0}"}, "time": 1753348855.511829}