{"duration": 0.0, "input_args": {"x_dict_serialized": "{'pickup_lat': 13.030061, 'pickup_lon': 77.682648, 'dropoff_lat': 12.976701, 'dropoff_lon': 77.600303, 'distance_km': 10.71, 'traffic_level': 1.0}"}, "time": 1753348853.1322153}