{"duration": 0.0, "input_args": {"x_dict_serialized": "{'pickup_lat': 12.97547, 'pickup_lon': 77.671298, 'dropoff_lat': 12.998804, 'dropoff_lon': 77.532587, 'distance_km': 15.25, 'traffic_level': 0.0}"}, "time": 1753348853.7994323}