{"duration": 0.002010822296142578, "input_args": {"x_dict_serialized": "{'pickup_lat': 12.945636, 'pickup_lon': 77.604951, 'dropoff_lat': 12.964792, 'dropoff_lon': 77.558246, 'distance_km': 5.49, 'traffic_level': 1.0}"}, "time": 1753341009.8555267}