{"duration": 0.0, "input_args": {"x_dict_serialized": "{'pickup_lat': 13.045487, 'pickup_lon': 77.668424, 'dropoff_lat': 13.025749, 'dropoff_lon': 77.593739, 'distance_km': 8.38, 'traffic_level': 1.0}"}, "time": 1753348855.1476526}