{"duration": 0.0030965805053710938, "input_args": {"x_dict_serialized": "{'pickup_lat': 13.013271, 'pickup_lon': 77.624062, 'dropoff_lat': 13.005612, 'dropoff_lon': 77.542593, 'distance_km': 8.87, 'traffic_level': 0.0}"}, "time": 1753348855.4368935}