{"duration": 0.0, "input_args": {"x_dict_serialized": "{'pickup_lat': 13.028319, 'pickup_lon': 77.640732, 'dropoff_lat': 12.971126, 'dropoff_lon': 77.519567, 'distance_km': 14.59, 'traffic_level': 1.0}"}, "time": 1753348853.668146}