{"duration": 0.0, "input_args": {"x_dict_serialized": "{'pickup_lat': 12.926218, 'pickup_lon': 77.629606, 'dropoff_lat': 12.936818, 'dropoff_lon': 77.643512, 'distance_km': 1.91, 'traffic_level': 1.0}"}, "time": 1753343373.600308}