{"duration": 0.0, "input_args": {"x_dict_serialized": "{'pickup_lat': 12.926006, 'pickup_lon': 77.679353, 'dropoff_lat': 12.912035, 'dropoff_lon': 77.604902, 'distance_km': 8.22, 'traffic_level': 1.0}"}, "time": 1753348856.1884706}