{"duration": 0.0, "input_args": {"x_dict_serialized": "{'pickup_lat': 12.967582, 'pickup_lon': 77.525832, 'dropoff_lat': 13.043108, 'dropoff_lon': 77.621235, 'distance_km': 13.32, 'traffic_level': 0.0}"}, "time": 1753348855.2838256}