{"duration": 0.0010571479797363281, "input_args": {"x_dict_serialized": "{'pickup_lat': 12.911379, 'pickup_lon': 77.525776, 'dropoff_lat': 12.919207, 'dropoff_lon': 77.530381, 'distance_km': 1.0, 'traffic_level': 0.0}"}, "time": 1753348855.6056457}