{"duration": 0.0, "input_args": {"x_dict_serialized": "{'pickup_lat': 13.020551, 'pickup_lon': 77.537314, 'dropoff_lat': 13.033884, 'dropoff_lon': 77.607868, 'distance_km': 7.79, 'traffic_level': 2.0}"}, "time": 1753348851.891104}