{"duration": 0.002010345458984375, "input_args": {"x_dict_serialized": "{'pickup_lat': 13.045421, 'pickup_lon': 77.673101, 'dropoff_lat': 13.022561, 'dropoff_lon': 77.551581, 'distance_km': 13.41, 'traffic_level': 0.0}"}, "time": 1753348856.2468739}