{"duration": 0.0, "input_args": {"x_dict_serialized": "{'pickup_lat': 12.979893, 'pickup_lon': 77.548494, 'dropoff_lat': 12.940386, 'dropoff_lon': 77.575457, 'distance_km': 5.28, 'traffic_level': 0.0}"}, "time": 1753348855.944118}