{"duration": 0.0020089149475097656, "input_args": {"x_dict_serialized": "{'pickup_lat': 12.95377, 'pickup_lon': 77.523174, 'dropoff_lat': 13.029466, 'dropoff_lon': 77.62466, 'distance_km': 13.85, 'traffic_level': 0.0}"}, "time": 1753348851.6317873}