{"duration": 0.017149686813354492, "input_args": {"x_dict_serialized": "{'pickup_lat': 12.938817, 'pickup_lon': 77.632504, 'dropoff_lat': 12.946757, 'dropoff_lon': 77.604014, 'distance_km': 3.21, 'traffic_level': 1.0}"}, "time": 1753348851.4296377}