{"duration": 0.0, "input_args": {"x_dict_serialized": "{'pickup_lat': 12.948007, 'pickup_lon': 77.679105, 'dropoff_lat': 12.95838, 'dropoff_lon': 77.502168, 'distance_km': 19.21, 'traffic_level': 2.0}"}, "time": 1753348854.20748}