{"duration": 0.0, "input_args": {"x_dict_serialized": "{'pickup_lat': 12.99903, 'pickup_lon': 77.555987, 'dropoff_lat': 13.04323, 'dropoff_lon': 77.647579, 'distance_km': 11.07, 'traffic_level': 1.0}"}, "time": 1753348853.5395205}