{"duration": 0.0, "input_args": {"x_dict_serialized": "{'pickup_lat': 12.913038, 'pickup_lon': 77.607421, 'dropoff_lat': 12.988026, 'dropoff_lon': 77.649088, 'distance_km': 9.48, 'traffic_level': 1.0}"}, "time": 1753348856.0624902}