{"duration": 0.0, "input_args": {"x_dict_serialized": "{'pickup_lat': 12.95233, 'pickup_lon': 77.685906, 'dropoff_lat': 13.024593, 'dropoff_lon': 77.693005, 'distance_km': 8.07, 'traffic_level': 0.0}"}, "time": 1753348856.5370846}