{"duration": 0.0, "input_args": {"x_dict_serialized": "{'pickup_lat': 12.94881, 'pickup_lon': 77.649298, 'dropoff_lat': 12.997445, 'dropoff_lon': 77.669845, 'distance_km': 5.85, 'traffic_level': 1.0}"}, "time": 1753348852.635765}