{"duration": 0.0010805130004882812, "input_args": {"x_dict_serialized": "{'pickup_lat': 12.961343, 'pickup_lon': 77.534659, 'dropoff_lat': 12.923466, 'dropoff_lon': 77.550049, 'distance_km': 4.53, 'traffic_level': 1.0}"}, "time": 1753348853.4960105}