{"duration": 0.0, "input_args": {"x_dict_serialized": "{'pickup_lat': 12.913543, 'pickup_lon': 77.66706, 'dropoff_lat': 12.948117, 'dropoff_lon': 77.537304, 'distance_km': 14.58, 'traffic_level': 0.0}"}, "time": 1753348852.1981115}