{"duration": 0.0, "input_args": {"x_dict_serialized": "{'pickup_lat': 13.012592, 'pickup_lon': 77.661367, 'dropoff_lat': 13.048576, 'dropoff_lon': 77.582524, 'distance_km': 9.43, 'traffic_level': 0.0}"}, "time": 1753348854.074242}