{"duration": 0.0, "input_args": {"x_dict_serialized": "{'pickup_lat': 12.942726, 'pickup_lon': 77.507377, 'dropoff_lat': 12.991435, 'dropoff_lon': 77.600536, 'distance_km': 11.46, 'traffic_level': 0.0}"}, "time": 1753348852.0469956}