{"duration": 0.0, "input_args": {"x_dict_serialized": "{'pickup_lat': 12.914051, 'pickup_lon': 77.573543, 'dropoff_lat': 12.93978, 'dropoff_lon': 77.548798, 'distance_km': 3.92, 'traffic_level': 2.0}"}, "time": 1753348852.7091265}