{"duration": 0.00106048583984375, "input_args": {"x_dict_serialized": "{'pickup_lat': 12.991132, 'pickup_lon': 77.534105, 'dropoff_lat': 12.909758, 'dropoff_lon': 77.689777, 'distance_km': 19.14, 'traffic_level': 2.0}"}, "time": 1753348851.2978315}