{"duration": 0.015704631805419922, "input_args": {"x_dict_serialized": "{'pickup_lat': 13.046159, 'pickup_lon': 77.697242, 'dropoff_lat': 13.004724, 'dropoff_lon': 77.607219, 'distance_km': 10.79, 'traffic_level': 0.0}"}, "time": 1753348854.9484353}