{"duration": 0.0, "input_args": {"x_dict_serialized": "{'pickup_lat': 13.02339, 'pickup_lon': 77.572038, 'dropoff_lat': 12.919059, 'dropoff_lon': 77.604449, 'distance_km': 12.12, 'traffic_level': 1.0}"}, "time": 1753348853.3078558}