{"duration": 0.0, "input_args": {"x_dict_serialized": "{'pickup_lat': 13.016572, 'pickup_lon': 77.611681, 'dropoff_lat': 12.963633, 'dropoff_lon': 77.681271, 'distance_km': 9.57, 'traffic_level': 0.0}"}, "time": 1753348854.6166217}