{"duration": 0.0, "input_args": {"x_dict_serialized": "{'pickup_lat': 12.93432, 'pickup_lon': 77.515396, 'dropoff_lat': 12.943463, 'dropoff_lon': 77.532244, 'distance_km': 2.09, 'traffic_level': 2.0}"}, "time": 1753348851.8498168}