{"duration": 0.003094196319580078, "input_args": {"x_dict_serialized": "{'pickup_lat': 13.000878, 'pickup_lon': 77.650475, 'dropoff_lat': 13.018737, 'dropoff_lon': 77.657924, 'distance_km': 2.14, 'traffic_level': 0.0}"}, "time": 1753348854.3739693}