{"duration": 0.0020105838775634766, "input_args": {"x_dict_serialized": "{'pickup_lat': 12.908456, 'pickup_lon': 77.672944, 'dropoff_lat': 13.021935, 'dropoff_lon': 77.699944, 'distance_km': 12.95, 'traffic_level': 2.0}"}, "time": 1753348855.2054312}