{"duration": 0.0, "input_args": {"x_dict_serialized": "{'pickup_lat': 12.910678, 'pickup_lon': 77.563795, 'dropoff_lat': 13.026731, 'dropoff_lon': 77.504654, 'distance_km': 14.41, 'traffic_level': 2.0}"}, "time": 1753348853.9549851}