{"duration": 0.002012014389038086, "input_args": {"x_dict_serialized": "{'pickup_lat': 12.939695, 'pickup_lon': 77.632394, 'dropoff_lat': 13.022241, 'dropoff_lon': 77.655605, 'distance_km': 9.52, 'traffic_level': 1.0}"}, "time": 1753343357.4747834}