{"duration": 0.0, "input_args": {"x_dict_serialized": "{'pickup_lat': 13.024311, 'pickup_lon': 77.571351, 'dropoff_lat': 12.94214, 'dropoff_lon': 77.608539, 'distance_km': 9.99, 'traffic_level': 0.0}"}, "time": 1753348851.535818}