{"duration": 0.0, "input_args": {"x_dict_serialized": "{'pickup_lat': 12.979448, 'pickup_lon': 77.54837, 'dropoff_lat': 12.913965, 'dropoff_lon': 77.679443, 'distance_km': 15.96, 'traffic_level': 2.0}"}, "time": 1753348852.376288}