{"duration": 0.0, "input_args": {"x_dict_serialized": "{'pickup_lat': 12.935646, 'pickup_lon': 77.645643, 'dropoff_lat': 12.955167, 'dropoff_lon': 77.626461, 'distance_km': 3.01, 'traffic_level': 1.0}"}, "time": 1753348852.1644635}