{"duration": 0.008794784545898438, "input_args": {"x_dict_serialized": "{'pickup_lat': 12.956181, 'pickup_lon': 77.690143, 'dropoff_lat': 13.009799, 'dropoff_lon': 77.619732, 'distance_km': 9.68, 'traffic_level': 0.0}"}, "time": 1753340990.847136}