{"duration": 0.0, "input_args": {"x_dict_serialized": "{'pickup_lat': 13.005936, 'pickup_lon': 77.51627, 'dropoff_lat': 12.912726, 'dropoff_lon': 77.697328, 'distance_km': 22.19, 'traffic_level': 0.0}"}, "time": 1753348854.5203862}