{"duration": 0.0, "input_args": {"x_dict_serialized": "{'pickup_lat': 12.902318, 'pickup_lon': 77.685664, 'dropoff_lat': 12.964228, 'dropoff_lon': 77.693331, 'distance_km': 6.93, 'traffic_level': 2.0}"}, "time": 1753348852.94472}