{"duration": 0.0, "input_args": {"x_dict_serialized": "{'pickup_lat': 13.002635, 'pickup_lon': 77.58803, 'dropoff_lat': 12.918306, 'dropoff_lon': 77.599035, 'distance_km': 9.45, 'traffic_level': 0.0}"}, "time": 1753348851.3807528}