{"duration": 0.015389204025268555, "input_args": {"x_dict_serialized": "{'pickup_lat': 12.938196, 'pickup_lon': 77.636301, 'dropoff_lat': 13.014034, 'dropoff_lon': 77.619128, 'distance_km': 8.64, 'traffic_level': 1.0}"}, "time": 1753348856.4567394}