{"duration": 0.0, "input_args": {"x_dict_serialized": "{'pickup_lat': 13.044326, 'pickup_lon': 77.574974, 'dropoff_lat': 12.942857, 'dropoff_lon': 77.67372, 'distance_km': 15.55, 'traffic_level': 0.0}"}, "time": 1753348854.7231908}