{"duration": 0.0, "input_args": {"x_dict_serialized": "{'pickup_lat': 13.039406, 'pickup_lon': 77.611353, 'dropoff_lat': 12.985742, 'dropoff_lon': 77.555996, 'distance_km': 8.46, 'traffic_level': 1.0}"}, "time": 1753348856.2913244}