{"duration": 0.0, "input_args": {"x_dict_serialized": "{'pickup_lat': 13.034518, 'pickup_lon': 77.594792, 'dropoff_lat': 13.000134, 'dropoff_lon': 77.534464, 'distance_km': 7.57, 'traffic_level': 0.0}"}, "time": 1753348855.6551793}