{"duration": 0.0, "input_args": {"x_dict_serialized": "{'pickup_lat': 12.96887, 'pickup_lon': 77.696007, 'dropoff_lat': 12.973893, 'dropoff_lon': 77.56575, 'distance_km': 14.13, 'traffic_level': 1.0}"}, "time": 1753348855.5564754}