{"duration": 0.0, "input_args": {"x_dict_serialized": "{'pickup_lat': 13.041035, 'pickup_lon': 77.615095, 'dropoff_lat': 12.958225, 'dropoff_lon': 77.628658, 'distance_km': 9.32, 'traffic_level': 1.0}"}, "time": 1753348853.834038}