{"duration": 0.0, "input_args": {"x_dict_serialized": "{'pickup_lat': 12.987647, 'pickup_lon': 77.680232, 'dropoff_lat': 12.906817, 'dropoff_lon': 77.556193, 'distance_km': 16.17, 'traffic_level': 2.0}"}, "time": 1753348854.8367262}