{"duration": 0.0, "input_args": {"x_dict_serialized": "{'pickup_lat': 12.985509, 'pickup_lon': 77.519435, 'dropoff_lat': 12.992251, 'dropoff_lon': 77.698011, 'distance_km': 19.36, 'traffic_level': 0.0}"}, "time": 1753348853.0370197}