{"duration": 0.0012536048889160156, "input_args": {"x_dict_serialized": "{'pickup_lat': 12.92534, 'pickup_lon': 77.555718, 'dropoff_lat': 12.926552, 'dropoff_lon': 77.517741, 'distance_km': 4.12, 'traffic_level': 0.0}"}, "time": 1753348855.7127964}