{"duration": 0.0, "input_args": {"x_dict_serialized": "{'pickup_lat': 12.959776, 'pickup_lon': 77.62317, 'dropoff_lat': 12.995264, 'dropoff_lon': 77.509061, 'distance_km': 12.98, 'traffic_level': 0.0}"}, "time": 1753348853.754627}