{"duration": 0.0, "input_args": {"x_dict_serialized": "{'pickup_lat': 12.901703, 'pickup_lon': 77.593732, 'dropoff_lat': 12.908445, 'dropoff_lon': 77.523764, 'distance_km': 7.62, 'traffic_level': 0.0}"}, "time": 1753348854.6663697}