{"duration": 0.0, "input_args": {"x_dict_serialized": "{'pickup_lat': 12.96841, 'pickup_lon': 77.657035, 'dropoff_lat': 12.929951, 'dropoff_lon': 77.602847, 'distance_km': 7.26, 'traffic_level': 1.0}"}, "time": 1753341015.1088307}