{"duration": 0.0, "input_args": {"x_dict_serialized": "{'pickup_lat': 12.982786, 'pickup_lon': 77.612188, 'dropoff_lat': 13.031498, 'dropoff_lon': 77.580697, 'distance_km': 6.4, 'traffic_level': 0.0}"}, "time": 1753348855.3898818}