{"duration": 0.002671480178833008, "input_args": {"x_dict_serialized": "{'pickup_lat': 12.977445, 'pickup_lon': 77.564591, 'dropoff_lat': 13.019278, 'dropoff_lon': 77.554166, 'distance_km': 4.79, 'traffic_level': 1.0}"}, "time": 1753348853.4401488}