{"duration": 0.002012014389038086, "input_args": {"x_dict_serialized": "{'pickup_lat': 12.953396, 'pickup_lon': 77.651569, 'dropoff_lat': 12.902159, 'dropoff_lon': 77.523215, 'distance_km': 15.03, 'traffic_level': 0.0}"}, "time": 1753348853.5869865}