{"duration": 0.0, "input_args": {"x_dict_serialized": "{'pickup_lat': 12.908634, 'pickup_lon': 77.609906, 'dropoff_lat': 12.96623, 'dropoff_lon': 77.677541, 'distance_km': 9.73, 'traffic_level': 0.0}"}, "time": 1753348854.4095702}