{"duration": 0.0, "input_args": {"x_dict_serialized": "{'pickup_lat': 12.996776, 'pickup_lon': 77.534873, 'dropoff_lat': 13.003641, 'dropoff_lon': 77.577347, 'distance_km': 4.66, 'traffic_level': 2.0}"}, "time": 1753348852.2471483}