{"duration": 0.0, "input_args": {"x_dict_serialized": "{'pickup_lat': 12.907752, 'pickup_lon': 77.606271, 'dropoff_lat': 12.981095, 'dropoff_lon': 77.627486, 'distance_km': 8.47, 'traffic_level': 1.0}"}, "time": 1753348853.3951662}