{"duration": 0.0016911029815673828, "input_args": {"x_dict_serialized": "{'pickup_lat': 12.945636, 'pickup_lon': 77.604951, 'dropoff_lat': 12.964792, 'dropoff_lon': 77.558246, 'distance_km': 5.49, 'traffic_level': 1.0}"}, "time": 1753348851.1630473}