{"duration": 0.0, "input_args": {"x_dict_serialized": "{'pickup_lat': 13.031037, 'pickup_lon': 77.684174, 'dropoff_lat': 12.909162, 'dropoff_lon': 77.555376, 'distance_km': 19.45, 'traffic_level': 2.0}"}, "time": 1753348855.790005}