{"duration": 0.0, "input_args": {"x_dict_serialized": "{'pickup_lat': 12.901823, 'pickup_lon': 77.693976, 'dropoff_lat': 12.906474, 'dropoff_lon': 77.678229, 'distance_km': 1.78, 'traffic_level': 1.0}"}, "time": 1753348854.758498}