{"duration": 0.0, "input_args": {"x_dict_serialized": "{'pickup_lat': 12.947701, 'pickup_lon': 77.52201, 'dropoff_lat': 12.93419, 'dropoff_lon': 77.585422, 'distance_km': 7.03, 'traffic_level': 2.0}"}, "time": 1753348851.9325824}