{"duration": 0.0, "input_args": {"x_dict_serialized": "{'pickup_lat': 12.941607, 'pickup_lon': 77.537624, 'dropoff_lat': 12.969555, 'dropoff_lon': 77.57067, 'distance_km': 4.74, 'traffic_level': 1.0}"}, "time": 1753348854.9016178}