{"duration": 0.0020596981048583984, "input_args": {"x_dict_serialized": "{'pickup_lat': 12.900828, 'pickup_lon': 77.663092, 'dropoff_lat': 13.006029, 'dropoff_lon': 77.645801, 'distance_km': 11.85, 'traffic_level': 1.0}"}, "time": 1753348851.5916646}