{"duration": 0.002011537551879883, "input_args": {"x_dict_serialized": "{'pickup_lat': 12.924244, 'pickup_lon': 77.679711, 'dropoff_lat': 12.990964, 'dropoff_lon': 77.501839, 'distance_km': 20.65, 'traffic_level': 0.0}"}, "time": 1753348852.5329738}