{"duration": 0.0, "input_args": {"x_dict_serialized": "{'pickup_lat': 12.944167, 'pickup_lon': 77.57702, 'dropoff_lat': 13.027671, 'dropoff_lon': 77.563384, 'distance_km': 9.4, 'traffic_level': 0.0}"}, "time": 1753348852.9953547}