{"duration": 0.0, "input_args": {"x_dict_serialized": "{'pickup_lat': 12.962612, 'pickup_lon': 77.544422, 'dropoff_lat': 12.91798, 'dropoff_lon': 77.567523, 'distance_km': 5.56, 'traffic_level': 2.0}"}, "time": 1753348851.9715862}