{"duration": 0.010049581527709961, "input_args": {"x_dict_serialized": "{'pickup_lat': 12.96984, 'pickup_lon': 77.608529, 'dropoff_lat': 12.942981, 'dropoff_lon': 77.618167, 'distance_km': 3.16, 'traffic_level': 0.0}"}, "time": 1753348853.2664354}